date,est_ridership,pre_pandemic_ratio,est_pre_pandemic_ridership
2020-03,2212965,0.97,2281407
2020-03,5329915,0.96,5551994
2020-03,5481103,0.98,5592962
2020-03,5498809,0.99,5554352
2020-03,5496453,0.99,5551972
2020-03,5189447,0.93,5580050
2020-03,2814637,0.92,3059388
2020-03,2120656,0.93,2280275
2020-03,4973513,0.89,5588216
2020-03,4867818,0.87,5595193
2020-03,4697122,0.84,5591811
2020-03,4149505,0.75,5532673
2020-03,3484996,0.63,5531739
2020-03,1670665,0.54,3093824
2020-03,1157711,0.51,2270021
2020-03,2178555,0.39,5586038
2020-03,1788786,0.32,5589956
2020-03,1625280,0.29,5604413
2020-03,1422112,0.26,5469661
2020-03,1309125,0.24,5454687
2020-03,619618,0.2,3098090
2020-03,408723,0.18,2270683
2020-03,709499,0.13,5457684
2020-03,741587,0.13,5704515
2020-03,690032,0.12,5750266
2020-03,680360,0.12,5669666
2020-03,656817,0.12,5473475
2020-03,332393,0.11,3021754
2020-03,263700,0.12,2197500
2020-03,545215,0.1,5452150
2020-03,508106,0.09,5645622
2020-04,513481,0.09,5705344
2020-04,485586,0.09,5395400
2020-04,483357,0.09,5370633
2020-04,282278,0.09,3136422
2020-04,227303,0.09,2525588
2020-04,445454,0.08,5568175
2020-04,434986,0.08,5437325
2020-04,427485,0.08,5343562
2020-04,404635,0.07,5780499
2020-04,400275,0.07,5718214
2020-04,257061,0.08,3213262
2020-04,198399,0.08,2479987
2020-04,363312,0.07,5190171
2020-04,430155,0.08,5376937
2020-04,419059,0.08,5238237
2020-04,420223,0.08,5252787
2020-04,432368,0.08,5404600
2020-04,254453,0.08,3180662
2020-04,224411,0.09,2493455
2020-04,437852,0.08,5473150
2020-04,422107,0.08,5276337
2020-04,458781,0.08,5734762
2020-04,453520,0.08,5669000
2020-04,443956,0.08,5549450
2020-04,295387,0.09,3282077
2020-04,218787,0.09,2430966
2020-04,462888,0.08,5786100
2020-04,489247,0.09,5436077
2020-04,477799,0.09,5308877
2020-04,465869,0.08,5823362
2020-05,494549,0.09,5494988
2020-05,325865,0.1,3258650
2020-05,258865,0.11,2353318
2020-05,511866,0.09,5687400
2020-05,522085,0.09,5800944
2020-05,508824,0.09,5653600
2020-05,535073,0.09,5945255
2020-05,526054,0.09,5845044
2020-05,316883,0.1,3168830
2020-05,271947,0.11,2472245
2020-05,520873,0.09,5787477
2020-05,553372,0.1,5533720
2020-05,565377,0.1,5653770
2020-05,567392,0.1,5673920
2020-05,587808,0.1,5878080
2020-05,360844,0.11,3280400
2020-05,287418,0.12,2395150
2020-05,595469,0.1,5954690
2020-05,610884,0.11,5553490
2020-05,623749,0.11,5670445
2020-05,629298,0.11,5720890
2020-05,633883,0.11,5762572
2020-05,335830,0.1,3358300
2020-05,320015,0.13,2461653
2020-05,393918,0.16,2461987
2020-05,656766,0.11,5970600
2020-05,674465,0.12,5620541
2020-05,658057,0.12,5483808
2020-05,657259,0.11,5975081
2020-05,426737,0.13,3282592
2020-05,344426,0.14,2460185
2020-06,687162,0.12,5726350
2020-06,693760,0.12,5781333
2020-06,681714,0.12,5680950
2020-06,726672,0.13,5589784
2020-06,703576,0.13,5412123
2020-06,464198,0.14,3315699
2020-06,377990,0.14,2699928
2020-06,804542,0.14,5746728
2020-06,842306,0.15,5615373
2020-06,857015,0.15,5713433
2020-06,818297,0.15,5455313
2020-06,896658,0.16,5604112
2020-06,545316,0.17,3207741
2020-06,430439,0.16,2690243
2020-06,897112,0.16,5606950
2020-06,932671,0.17,5486300
2020-06,948461,0.17,5579182
2020-06,942382,0.17,5543423
2020-06,986929,0.38,2597181
2020-06,576075,0.18,3200416
2020-06,449497,0.17,2644100
2020-06,1000046,0.18,5555811
2020-06,1050786,0.19,5530452
2020-06,1068333,0.19,5622805
2020-06,1078796,0.19,5677873
2020-06,1102382,0.2,5511910
2020-06,615398,0.19,3238936
2020-06,535898,0.2,2679490
2020-06,1100769,0.2,5503845
2020-06,1113124,0.2,5565620
2020-07,1120537,0.21,5335890
2020-07,1170483,0.22,5320377
2020-07,851877,0.36,2366325
2020-07,591605,0.21,2817166
2020-07,533692,0.23,2320400
2020-07,1084956,0.21,5166457
2020-07,1157185,0.22,5259931
2020-07,1172279,0.22,5328540
2020-07,1211280,0.23,5266434
2020-07,1030632,0.2,5153160
2020-07,692977,0.25,2771908
2020-07,628187,0.27,2326618
2020-07,1175700,0.22,5344090
2020-07,1241080,0.24,5171166
2020-07,1248413,0.24,5201720
2020-07,1249128,0.24,5204700
2020-07,1207265,0.23,5248978
2020-07,778936,0.28,2781914
2020-07,584994,0.25,2339976
2020-07,1156735,0.22,5257886
2020-07,1241819,0.24,5174245
2020-07,1233668,0.23,5363773
2020-07,1233795,0.23,5364326
2020-07,1218138,0.23,5296252
2020-07,816604,0.29,2815875
2020-07,606910,0.26,2334269
2020-07,1203503,0.23,5232621
2020-07,1241770,0.24,5174041
2020-07,1296102,0.25,5184408
2020-07,1270172,0.24,5292383
2020-07,1258539,0.24,5243912
2020-08,842468,0.29,2905062
2020-08,590060,0.25,2360240
2020-08,1272996,0.25,5091984
2020-08,1027187,0.2,5135935
2020-08,1348202,0.26,5185392
2020-08,1334694,0.26,5133438
2020-08,1283894,0.25,5135576
2020-08,833287,0.28,2976024
2020-08,662993,0.28,2367832
2020-08,1275268,0.25,5101072
2020-08,1319814,0.26,5076207
2020-08,1298963,0.25,5195852
2020-08,1291277,0.25,5165108
2020-08,1355786,0.26,5214561
2020-08,860789,0.29,2968237
2020-08,554451,0.23,2410656
2020-08,1304485,0.25,5217940
2020-08,1369617,0.27,5072655
2020-08,1292148,0.25,5168592
2020-08,1410489,0.27,5224033
2020-08,1387463,0.27,5138751
2020-08,882522,0.3,2941740
2020-08,671560,0.28,2398428
2020-08,1307345,0.25,5229380
2020-08,1346490,0.26,5178807
2020-08,1407639,0.27,5213477
2020-08,1358272,0.26,5224123
2020-08,1388583,0.27,5142900
2020-08,773667,0.26,2975642
2020-08,748061,0.31,2413100
2020-08,1397264,0.27,5175051
2020-09,1469274,0.25,5877096
2020-09,1487969,0.26,5722957
2020-09,1529185,0.26,5881480
2020-09,1568385,0.27,5808833
2020-09,1013725,0.31,3270080
2020-09,819409,0.32,2560653
2020-09,870964,0.34,2561658
2020-09,1555816,0.27,5762281
2020-09,1610076,0.28,5750271
2020-09,1543662,0.27,5717266
2020-09,1690334,0.29,5828737
2020-09,1083698,0.34,3187347
2020-09,796740,0.31,2570129
2020-09,1604381,0.28,5729932
2020-09,1678078,0.29,5786475
2020-09,1686909,0.29,5816927
2020-09,1692368,0.29,5835751
2020-09,1725443,0.3,5751476
2020-09,1136947,0.35,3248420
2020-09,827605,0.33,2507893
2020-09,1624139,0.28,5800496
2020-09,1698504,0.29,5856910
2020-09,1735333,0.3,5784443
2020-09,1722364,0.3,5741213
2020-09,1761591,0.31,5682551
2020-09,1120143,0.35,3200408
2020-09,846179,0.33,2564178
2020-09,1489240,0.26,5727846
2020-09,1661264,0.29,5728496
2020-09,1740820,0.3,5802733
2020-10,1809958,0.31,5838574
2020-10,1790612,0.31,5776167
2020-10,1168040,0.35,3337257
2020-10,852830,0.35,2436657
2020-10,1678792,0.29,5788937
2020-10,1758454,0.31,5672432
2020-10,1770617,0.31,5711667
2020-10,1798005,0.31,5800016
2020-10,1808079,0.31,5832512
2020-10,1170227,0.35,3343505
2020-10,848469,0.35,2424197
2020-10,1284655,0.22,5839340
2020-10,1715183,0.3,5717276
2020-10,1838682,0.32,5745881
2020-10,1853753,0.32,5792978
2020-10,1671320,0.29,5763172
2020-10,1209473,0.36,3359647
2020-10,896812,0.37,2423816
2020-10,1719153,0.3,5730510
2020-10,1780231,0.31,5742680
2020-10,1812949,0.32,5665465
2020-10,1825208,0.32,5703775
2020-10,1842588,0.32,5758087
2020-10,1185612,0.36,3293366
2020-10,885001,0.36,2458336
2020-10,1690651,0.29,5829831
2020-10,1815242,0.32,5672631
2020-10,1819352,0.32,5685475
2020-10,1705072,0.3,5683573
2020-10,1768018,0.31,5703283
2020-10,1174059,0.35,3354454
2020-11,786675,0.31,2537661
2020-11,1747908,0.31,5638412
2020-11,1602912,0.28,5724685
2020-11,1690489,0.3,5634963
2020-11,1793796,0.32,5605612
2020-11,1837314,0.33,5567618
2020-11,1246321,0.39,3195694
2020-11,927670,0.37,2507216
2020-11,1752614,0.31,5653593
2020-11,1836902,0.33,5566369
2020-11,1614812,0.64,2523143
2020-11,1776666,0.32,5552081
2020-11,1816693,0.32,5677165
2020-11,1215477,0.38,3198623
2020-11,820858,0.33,2487448
2020-11,1741750,0.31,5618548
2020-11,1788847,0.32,5590146
2020-11,1787688,0.32,5586525
2020-11,1757535,0.31,5669467
2020-11,1800423,0.32,5626321
2020-11,1157957,0.37,3129613
2020-11,817963,0.32,2556134
2020-11,1646525,0.29,5677672
2020-11,1735702,0.31,5599038
2020-11,1688227,0.3,5627423
2020-11,652276,0.26,2508753
2020-11,1263473,0.5,2526946
2020-11,1032823,0.33,3129766
2020-11,826974,0.33,2505981
2020-11,1459131,0.26,5612042
2020-12,1706348,0.32,5332337
2020-12,1699968,0.32,5312400
2020-12,1736045,0.33,5260742
2020-12,1701628,0.32,5317587
2020-12,1000240,0.3,3334133
2020-12,878393,0.35,2509694
2020-12,1656627,0.31,5343958
2020-12,1540893,0.29,5313424
2020-12,1701926,0.32,5318518
2020-12,1761336,0.33,5337381
2020-12,1786290,0.33,5413000
2020-12,1091352,0.33,3307127
2020-12,911439,0.36,2531775
2020-12,1584089,0.3,5280296
2020-12,1783388,0.33,5404206
2020-12,1569079,0.29,5410617
2020-12,1079818,0.2,5399090
2020-12,1735664,0.33,5259587
2020-12,1112827,0.34,3273020
2020-12,821265,0.32,2566453
2020-12,1716035,0.32,5362609
2020-12,1760948,0.33,5336206
2020-12,1772537,0.33,5371324
2020-12,1312480,0.25,5249920
2020-12,485208,0.19,2553726
2020-12,879170,0.26,3381423
2020-12,760350,0.3,2534500
2020-12,1510168,0.28,5393457
2020-12,1555198,0.29,5362751
2020-12,1582486,0.3,5274953
2020-12,1274984,0.24,5312433
2021-01,613692,0.29,2116179
2021-01,988418,0.37,2671400
2021-01,653187,0.31,2107054
2021-01,1557977,0.3,5193256
2021-01,1597518,0.31,5153283
2021-01,1613629,0.31,5205254
2021-01,1611099,0.31,5197093
2021-01,1619242,0.31,5223361
2021-01,990412,0.37,2676789
2021-01,763097,0.36,2119713
2021-01,1568207,0.3,5227356
2021-01,1640428,0.32,5126337
2021-01,1641652,0.32,5130162
2021-01,1647396,0.32,5148112
2021-01,1627120,0.32,5084750
2021-01,991500,0.37,2679729
2021-01,797654,0.38,2099089
2021-01,1276978,0.61,2093406
2021-01,1635915,0.32,5112234
2021-01,1575075,0.31,5080887
2021-01,1652842,0.32,5165131
2021-01,1672001,0.33,5066669
2021-01,997551,0.37,2696083
2021-01,741139,0.35,2117540
2021-01,1592468,0.31,5136993
2021-01,1550953,0.3,5169843
2021-01,1660278,0.32,5188368
2021-01,1646806,0.32,5146268
2021-01,1511680,0.29,5212689
2021-01,942615,0.35,2693185
2021-01,722853,0.35,2065294
2021-02,583230,0.11,5302090
2021-02,1005985,0.19,5294657
2021-02,1702598,0.31,5492251
2021-02,1785833,0.33,5411615
2021-02,1741015,0.32,5440671
2021-02,1148477,0.4,2871192
2021-02,652521,0.3,2175070
2021-02,1639753,0.3,5465843
2021-02,1666467,0.31,5375700
2021-02,1750121,0.32,5469128
2021-02,1714656,0.32,5358300
2021-02,1706430,0.31,5504612
2021-02,1092063,0.38,2873850
2021-02,858014,0.39,2200035
2021-02,1218593,0.56,2176058
2021-02,1627528,0.3,5425093
2021-02,1733160,0.32,5416125
2021-02,1381886,0.25,5527544
2021-02,1566021,0.29,5400072
2021-02,1110589,0.39,2847664
2021-02,836095,0.38,2200250
2021-02,1582054,0.29,5455358
2021-02,1730198,0.32,5406868
2021-02,1806306,0.33,5473654
2021-02,1798165,0.33,5448984
2021-02,1822812,0.34,5361211
2021-02,1072932,0.37,2899816
2021-02,810071,0.37,2189381
2021-03,1696274,0.3,5654246
2021-03,1749511,0.31,5643583
2021-03,1846431,0.33,5595245
2021-03,1808744,0.32,5652325
2021-03,1825915,0.33,5533075
2021-03,1167884,0.38,3073378
2021-03,894119,0.39,2292612
2021-03,1719586,0.31,5547051
2021-03,1834068,0.33,5557781
2021-03,1849077,0.33,5603263
2021-03,1881902,0.34,5535005
2021-03,1914465,0.34,5630779
2021-03,1257372,0.41,3066760
2021-03,923968,0.4,2309920
2021-03,1730024,0.31,5580722
2021-03,1798288,0.32,5619650
2021-03,1866414,0.34,5489452
2021-03,1771092,0.32,5534662
2021-03,1906749,0.34,5608085
2021-03,1307403,0.43,3040472
2021-03,1013386,0.44,2303150
2021-03,1801438,0.32,5629493
2021-03,1879574,0.34,5528158
2021-03,1828084,0.33,5539648
2021-03,1925768,0.35,5502194
2021-03,1938246,0.35,5537845
2021-03,1374266,0.45,3053924
2021-03,807247,0.35,2306420
2021-03,1742162,0.31,5619877
2021-03,1881537,0.34,5533932
2021-03,1808546,0.32,5651706
2021-04,1841815,0.33,5581257
2021-04,1757698,0.32,5492806
2021-04,1318461,0.42,3139192
2021-04,950194,0.39,2436394
2021-04,1818703,0.33,5511221
2021-04,1942198,0.35,5549137
2021-04,1985370,0.36,5514916
2021-04,2013413,0.36,5592813
2021-04,2026724,0.36,5629788
2021-04,1391245,0.44,3161920
2021-04,899646,0.37,2431475
2021-04,1845836,0.33,5593442
2021-04,2012153,0.36,5589313
2021-04,2018126,0.36,5605905
2021-04,1906733,0.34,5608038
2021-04,2078856,0.37,5618529
2021-04,1425036,0.45,3166746
2021-04,1082503,0.45,2405562
2021-04,1911326,0.34,5621547
2021-04,2082495,0.37,5628364
2021-04,1965922,0.35,5616920
2021-04,2040232,0.37,5514140
2021-04,2121350,0.38,5582500
2021-04,1520057,0.48,3166785
2021-04,985027,0.41,2402504
2021-04,1955370,0.35,5586771
2021-04,2041698,0.37,5518102
2021-04,2135793,0.38,5620507
2021-04,2028524,0.36,5634788
2021-04,2159476,0.39,5537117
2021-05,1515211,0.47,3223853
2021-05,1153471,0.48,2403064
2021-05,1971010,0.34,5797088
2021-05,2120071,0.37,5729921
2021-05,2074543,0.36,5762619
2021-05,2199943,0.38,5789323
2021-05,2238033,0.39,5738546
2021-05,1444674,0.45,3210386
2021-05,1107878,0.46,2408430
2021-05,1990039,0.35,5685825
2021-05,2148322,0.38,5653478
2021-05,2182277,0.38,5742834
2021-05,2163052,0.38,5692242
2021-05,2266974,0.4,5667435
2021-05,1637231,0.51,3210256
2021-05,1201904,0.5,2403808
2021-05,2022584,0.35,5778811
2021-05,2150049,0.38,5658023
2021-05,2257549,0.39,5788587
2021-05,2269471,0.4,5673677
2021-05,2331876,0.41,5687502
2021-05,1645268,0.51,3226015
2021-05,1268928,0.53,2394203
2021-05,2118877,0.37,5726694
2021-05,2270945,0.4,5677362
2021-05,2275882,0.4,5689705
2021-05,2352019,0.41,5736631
2021-05,2232599,0.39,5724612
2021-05,1370135,0.43,3186360
2021-05,1065176,0.45,2367057
2021-05,1389651,0.58,2395950
2021-06,2258831,0.4,5647077
2021-06,2343745,0.42,5580345
2021-06,2233917,0.4,5584792
2021-06,2310032,0.41,5634224
2021-06,1792204,0.56,3200364
2021-06,1363344,0.52,2621815
2021-06,2223265,0.4,5558162
2021-06,2265591,0.4,5663977
2021-06,2386026,0.43,5548897
2021-06,2473818,0.44,5622313
2021-06,2468258,0.44,5609677
2021-06,1775538,0.55,3228250
2021-06,1379959,0.53,2603696
2021-06,2223186,0.4,5557965
2021-06,2469785,0.44,5613147
2021-06,2519444,0.45,5598764
2021-06,2552497,0.46,5548906
2021-06,2572013,0.98,2624503
2021-06,1784312,0.55,3244203
2021-06,1389352,0.53,2621418
2021-06,2264368,0.4,5660920
2021-06,2354873,0.42,5606840
2021-06,2547416,0.45,5660924
2021-06,2552639,0.46,5549215
2021-06,2582713,0.46,5614593
2021-06,1854179,0.58,3196860
2021-06,1559967,0.6,2599945
2021-06,2252362,0.4,5630905
2021-06,2343739,0.42,5580330
2021-06,2346388,0.42,5586638
2021-07,2292461,0.43,5331304
2021-07,2296044,0.43,5339637
2021-07,1541988,0.55,2803614
2021-07,1468510,0.63,2330968
2021-07,1495709,0.64,2337045
2021-07,2302002,0.44,5231822
2021-07,2437064,0.46,5297965
2021-07,2364250,0.45,5253888
2021-07,2318387,0.44,5269061
2021-07,1781717,0.63,2828122
2021-07,1365854,0.58,2354920
2021-07,2245412,0.43,5221888
2021-07,2457526,0.47,5228778
2021-07,2517615,0.48,5245031
2021-07,2581582,0.49,5268534
2021-07,2536569,0.48,5284518
2021-07,1717480,0.61,2815540
2021-07,1405344,0.6,2342240
2021-07,2327756,0.44,5290354
2021-07,2462002,0.47,5238302
2021-07,2504568,0.47,5328868
2021-07,2582151,0.49,5269695
2021-07,2552330,0.48,5317354
2021-07,1852402,0.66,2806669
2021-07,1364830,0.58,2353155
2021-07,2318455,0.44,5269215
2021-07,2487947,0.47,5293504
2021-07,2534756,0.48,5280741
2021-07,2428764,0.46,5279921
2021-07,2557677,0.48,5328493
2021-07,1841007,0.65,2832318
2021-08,1351294,0.57,2370691
2021-08,2333923,0.45,5186495
2021-08,2483802,0.48,5174587
2021-08,2529002,0.49,5161228
2021-08,2529190,0.49,5161612
2021-08,2519444,0.49,5141722
2021-08,1780458,0.61,2918783
2021-08,1333885,0.56,2381937
2021-08,2289434,0.45,5087631
2021-08,2442194,0.48,5087904
2021-08,2475949,0.48,5158227
2021-08,2448589,0.48,5101227
2021-08,2430102,0.47,5170429
2021-08,1718222,0.58,2962451
2021-08,1430620,0.6,2384366
2021-08,2287627,0.45,5083615
2021-08,2427611,0.47,5165129
2021-08,2445638,0.48,5095079
2021-08,2439624,0.47,5190689
2021-08,2456334,0.48,5117362
2021-08,1715030,0.58,2956948
2021-08,745240,0.31,2404000
2021-08,2052669,0.4,5131672
2021-08,2462365,0.48,5129927
2021-08,2498255,0.49,5098479
2021-08,2480137,0.48,5166952
2021-08,2388210,0.46,5191760
2021-08,1659434,0.56,2963274
2021-08,1398566,0.59,2370450
2021-08,2321000,0.45,5157777
2021-08,2532584,0.49,5168538
2021-09,2294448,0.4,5736120
2021-09,1661558,0.29,5729510
2021-09,2390392,0.41,5830224
2021-09,1777639,0.55,3232070
2021-09,1415352,0.56,2527414
2021-09,1521388,0.6,2535646
2021-09,2233674,0.39,5727369
2021-09,2529619,0.44,5749134
2021-09,2702713,0.47,5750453
2021-09,2840443,0.49,5796822
2021-09,1983091,0.62,3198533
2021-09,1589976,0.62,2564477
2021-09,2852796,0.49,5822032
2021-09,3011275,0.52,5790913
2021-09,2987334,0.52,5744873
2021-09,2534545,0.44,5760329
2021-09,3028545,0.52,5824125
2021-09,2014848,0.63,3198171
2021-09,1596823,0.63,2534639
2021-09,2883211,0.5,5766422
2021-09,3018312,0.52,5804446
2021-09,3021113,0.52,5809832
2021-09,3016106,0.52,5800203
2021-09,3121747,0.54,5781012
2021-09,2129492,0.66,3226503
2021-09,1614677,0.63,2562979
2021-09,2873368,0.5,5746736
2021-09,2927715,0.51,5740617
2021-09,3063720,0.53,5780603
2021-09,3146861,0.55,5721565
2021-10,3162881,0.55,5750692
2021-10,2063660,0.62,3328483
2021-10,1575738,0.64,2462090
2021-10,2864349,0.5,5728698
2021-10,3091160,0.54,5724370
2021-10,3140986,0.55,5710883
2021-10,3190747,0.56,5697762
2021-10,3168473,0.55,5760860
2021-10,2052699,0.62,3310804
2021-10,1499385,0.61,2458008
2021-10,2263615,0.39,5804141
2021-10,3102879,0.54,5746072
2021-10,3157457,0.55,5740830
2021-10,3240686,0.56,5786939
2021-10,3227068,0.56,5762621
2021-10,2042027,0.61,3347585
2021-10,1629991,0.66,2469683
2021-10,2982883,0.52,5736313
2021-10,3178208,0.55,5778559
2021-10,3234327,0.56,5775583
2021-10,3267697,0.57,5732801
2021-10,3225816,0.56,5760385
2021-10,2077488,0.62,3350787
2021-10,1599927,0.65,2461426
2021-10,2994936,0.52,5759492
2021-10,2702635,0.47,5750287
2021-10,3300580,0.57,5790491
2021-10,3365971,0.59,5705035
2021-10,3251779,0.57,5704875
2021-10,2044310,0.61,3351327
2021-10,1746769,0.71,2460238
2021-11,3034306,0.54,5619085
2021-11,2848222,0.51,5584749
2021-11,3293732,0.58,5678848
2021-11,3284315,0.58,5662612
2021-11,3293438,0.58,5678341
2021-11,2195864,0.69,3182411
2021-11,1888985,0.75,2518646
2021-11,3065533,0.54,5676912
2021-11,3279457,0.58,5654236
2021-11,3351992,0.59,5681342
2021-11,2922235,1.16,2519168
2021-11,3158682,0.56,5640503
2021-11,2169863,0.69,3144728
2021-11,1703136,0.68,2504611
2021-11,3110969,0.55,5656307
2021-11,3340844,0.59,5662447
2021-11,3369069,0.6,5615115
2021-11,3412249,0.61,5593850
2021-11,3316999,0.59,5622032
2021-11,2135731,0.68,3140780
2021-11,1674206,0.66,2536675
2021-11,3130363,0.56,5589933
2021-11,3286591,0.58,5666536
2021-11,3085289,0.55,5609616
2021-11,1357198,0.54,2513329
2021-11,2089772,0.83,2517797
2021-11,1880422,0.6,3134036
2021-11,1465745,0.58,2527146
2021-11,2996015,0.53,5652858
2021-11,3207209,0.57,5626682
2021-12,3326469,0.62,5365272
2021-12,3358843,0.63,5331496
2021-12,3374097,0.63,5355709
2021-12,2318147,0.7,3311638
2021-12,1737352,0.68,2554929
2021-12,3135869,0.59,5315032
2021-12,3367790,0.63,5345698
2021-12,3378727,0.63,5363058
2021-12,3433600,0.64,5365000
2021-12,3417451,0.64,5339767
2021-12,2266265,0.68,3332742
2021-12,1829872,0.72,2541488
2021-12,3120850,0.58,5380775
2021-12,3274170,0.61,5367491
2021-12,3242168,0.61,5315029
2021-12,3219799,0.6,5366331
2021-12,3112088,0.58,5365668
2021-12,1880969,0.57,3299945
2021-12,1579809,0.62,2548079
2021-12,2716451,0.51,5326374
2021-12,2697325,0.51,5288872
2021-12,2634565,0.49,5376663
2021-12,2486489,0.47,5290402
2021-12,1575449,0.62,2541046
2021-12,810937,0.24,3378904
2021-12,1284738,0.51,2519094
2021-12,2007649,0.38,5283286
2021-12,2168419,0.41,5288826
2021-12,2167077,0.41,5285553
2021-12,2198415,0.41,5361987
2021-12,1627589,0.64,2543107
2022-01,1027918,0.38,2705047
2022-01,1219735,0.58,2102991
2022-01,2168229,0.42,5162450
2022-01,2289352,0.45,5087448
2022-01,2267942,0.44,5154413
2022-01,2391176,0.46,5198208
2022-01,2121941,0.41,5175465
2022-01,1486065,0.55,2701936
2022-01,1102472,0.53,2080135
2022-01,2347323,0.46,5102876
2022-01,2266378,0.44,5150859
2022-01,2459224,0.48,5123383
2022-01,2524197,0.49,5151422
2022-01,2522972,0.49,5148922
2022-01,1434676,0.53,2706935
2022-01,1165626,0.56,2081474
2022-01,1600048,0.77,2077984
2022-01,2541044,0.49,5185804
2022-01,2642129,0.51,5180645
2022-01,2545486,0.49,5194869
2022-01,2565781,0.5,5131562
2022-01,1583650,0.58,2730431
2022-01,1245716,0.6,2076193
2022-01,2536827,0.49,5177197
2022-01,2701246,0.53,5096690
2022-01,2711803,0.53,5116609
2022-01,2724979,0.53,5141469
2022-01,2703403,0.53,5100760
2022-01,999347,0.37,2700937
2022-01,1262477,0.6,2104128
2022-01,2575762,0.5,5151524
2022-02,2635083,0.49,5377720
2022-02,2940152,0.54,5444725
2022-02,2914198,0.54,5396662
2022-02,2725725,0.5,5451450
2022-02,1792780,0.63,2845682
2022-02,1323892,0.6,2206486
2022-02,2784230,0.51,5459274
2022-02,3016648,0.56,5386871
2022-02,3088775,0.57,5418903
2022-02,3112489,0.57,5460507
2022-02,3015472,0.56,5384771
2022-02,2026308,0.71,2853954
2022-02,1349864,0.62,2177200
2022-02,2907825,0.54,5384861
2022-02,3030742,0.56,5412039
2022-02,3100639,0.57,5439717
2022-02,3109956,0.57,5456063
2022-02,2953785,0.54,5469972
2022-02,1792136,0.62,2890541
2022-02,1477125,0.67,2204664
2022-02,1942267,0.89,2182322
2022-02,2669508,0.49,5447975
2022-02,2894245,0.53,5460839
2022-02,2858146,0.53,5392728
2022-02,2575630,0.47,5480063
2022-02,1824833,0.64,2851301
2022-02,1403227,0.64,2192542
2022-02,2915786,0.54,5399603
2022-03,3138181,0.56,5603894
2022-03,3208166,0.58,5531320
2022-03,3207495,0.58,5530163
2022-03,3077537,0.55,5595521
2022-03,1955535,0.64,3055523
2022-03,1444501,0.63,2292858
2022-03,2980920,0.54,5520222
2022-03,3244473,0.58,5593918
2022-03,3113559,0.56,5559926
2022-03,3339363,0.6,5565605
2022-03,3195956,0.57,5606940
2022-03,1663893,0.54,3081283
2022-03,1479406,0.65,2276009
2022-03,3008800,0.54,5571851
2022-03,3275906,0.59,5552383
2022-03,3332335,0.6,5553891
2022-03,3175784,0.57,5571550
2022-03,3275433,0.59,5551581
2022-03,2001839,0.65,3079752
2022-03,1656673,0.72,2300934
2022-03,3034759,0.55,5517743
2022-03,3276940,0.59,5554135
2022-03,3275708,0.59,5552047
2022-03,3212181,0.58,5538243
2022-03,3218970,0.58,5549948
2022-03,2024596,0.66,3067569
2022-03,1534056,0.67,2289635
2022-03,2989874,0.54,5536803
2022-03,3291883,0.59,5579462
2022-03,3336073,0.6,5560121
2022-03,3323135,0.6,5538558
2022-04,3237107,0.58,5581218
2022-04,2128435,0.67,3176768
2022-04,1463932,0.6,2439886
2022-04,3127667,0.56,5585119
2022-04,3356454,0.6,5594090
2022-04,3311547,0.59,5612791
2022-04,3307076,0.59,5605213
2022-04,3347754,0.6,5579590
2022-04,2190396,0.69,3174486
2022-04,1707748,0.7,2439640
2022-04,3205728,0.57,5624084
2022-04,3078069,0.55,5596489
2022-04,3220964,0.58,5553386
2022-04,3297697,0.59,5589316
2022-04,2761532,0.5,5523064
2022-04,1986306,0.63,3152866
2022-04,1512633,0.62,2439730
2022-04,2676254,0.48,5575529
2022-04,2962130,0.53,5588924
2022-04,3098046,0.56,5532224
2022-04,3033422,0.54,5617448
2022-04,2985684,0.54,5529044
2022-04,2109188,0.67,3148041
2022-04,1655860,0.68,2435088
2022-04,3026541,0.54,5604705
2022-04,3281657,0.59,5562130
2022-04,3432282,0.62,5535938
2022-04,3404938,0.61,5581865
2022-04,3257634,0.58,5616610
2022-04,2108746,0.67,3147382
2022-05,1683953,0.7,2405647
2022-05,2732825,0.48,5693385
2022-05,3402882,0.6,5671470
2022-05,3364902,0.59,5703223
2022-05,3502522,0.61,5741839
2022-05,3190556,0.56,5697421
2022-05,1842808,0.57,3232996
2022-05,1582133,0.66,2397171
2022-05,3114506,0.54,5767603
2022-05,3412902,0.6,5688170
2022-05,3440378,0.6,5733963
2022-05,3430104,0.6,5716840
2022-05,3252002,0.57,5705266
2022-05,2149046,0.67,3207531
2022-05,1760359,0.74,2378863
2022-05,3080043,0.54,5703783
2022-05,3536021,0.62,5703259
2022-05,3605606,0.63,5723184
2022-05,3467327,0.61,5684142
2022-05,3271914,0.57,5740200
2022-05,2324245,0.72,3228118
2022-05,1760638,0.74,2379240
2022-05,3111755,0.54,5762509
2022-05,3378506,0.59,5726281
2022-05,3426530,0.6,5710883
2022-05,3341059,0.58,5760446
2022-05,3031130,0.53,5719113
2022-05,1872775,0.58,3228922
2022-05,1755236,0.73,2404432
2022-05,1694970,0.71,2387281
2022-05,3176109,0.56,5671623
2022-06,3381297,0.6,5635495
2022-06,3351902,0.6,5586503
2022-06,3283271,0.59,5564866
2022-06,2178024,0.68,3202976
2022-06,1724983,0.66,2613610
2022-06,3092181,0.55,5622147
2022-06,3392224,0.6,5653706
2022-06,3492805,0.62,5633556
2022-06,3297157,0.59,5588401
2022-06,3376125,0.6,5626875
2022-06,2231451,0.69,3233986
2022-06,1674607,0.64,2616573
2022-06,3168681,0.56,5658358
2022-06,3494822,0.62,5636809
2022-06,3526802,0.63,5598098
2022-06,3409624,0.61,5589547
2022-06,3247379,0.58,5598929
2022-06,2186635,0.68,3215639
2022-06,1725762,0.66,2614790
2022-06,2460659,0.94,2617722
2022-06,3339793,0.6,5566321
2022-06,3357113,0.6,5595188
2022-06,3407485,0.61,5586040
2022-06,3296412,0.59,5587138
2022-06,2286963,0.71,3221074
2022-06,2011977,0.77,2612957
2022-06,2932598,0.52,5639611
2022-06,3248338,0.58,5600582
2022-06,3249261,0.58,5602174
2022-06,3151572,0.56,5627807
2022-07,2827549,0.54,5236201
2022-07,1847093,0.65,2841681
2022-07,1654774,0.71,2330667
2022-07,1608084,0.69,2330556
2022-07,2802814,0.53,5288328
2022-07,3066462,0.58,5287003
2022-07,3115604,0.59,5280684
2022-07,2902322,0.55,5276949
2022-07,2061419,0.73,2823861
2022-07,1681041,0.72,2334779
2022-07,2876587,0.54,5327012
2022-07,3148320,0.6,5247200
2022-07,3229387,0.61,5294077
2022-07,3203104,0.61,5250990
2022-07,3021651,0.57,5301142
2022-07,2093206,0.74,2828656
2022-07,1674922,0.72,2326280
2022-07,2720012,0.52,5230792
2022-07,3169016,0.6,5281693
2022-07,3190942,0.6,5318236
2022-07,3109097,0.59,5269655
2022-07,2942752,0.56,5254914
2022-07,2028696,0.72,2817633
2022-07,1596195,0.68,2347345
2022-07,2727722,0.52,5245619
2022-07,3175001,0.6,5291668
2022-07,3232796,0.61,5299665
2022-07,3151913,0.6,5253188
2022-07,2932846,0.56,5237224
2022-07,2074421,0.73,2841672
2022-07,1649097,0.71,2322671
2022-08,2739262,0.53,5168418
2022-08,3070101,0.6,5116835
2022-08,3124038,0.61,5121373
2022-08,3049076,0.59,5167925
2022-08,2822155,0.55,5131190
2022-08,1999580,0.68,2940558
2022-08,1542311,0.65,2372786
2022-08,2705428,0.53,5104581
2022-08,3013784,0.59,5108108
2022-08,3134434,0.61,5138416
2022-08,3093548,0.6,5155913
2022-08,2963913,0.58,5110194
2022-08,2089217,0.71,2942559
2022-08,1677803,0.7,2396861
2022-08,2768347,0.54,5126568
2022-08,3045892,0.59,5162528
2022-08,3074027,0.6,5123378
2022-08,3077928,0.6,5129880
2022-08,2918737,0.57,5120591
2022-08,2038622,0.69,2954524
2022-08,1619422,0.68,2381502
2022-08,2622885,0.51,5142911
2022-08,2992615,0.58,5159681
2022-08,3020710,0.59,5119847
2022-08,3090901,0.6,5151501
2022-08,2863653,0.56,5113666
2022-08,2066542,0.7,2952202
2022-08,1651689,0.69,2393752
2022-08,2836374,0.55,5157043
2022-08,3091873,0.6,5153121
2022-08,3144027,0.61,5154142
2022-09,3114667,0.54,5767901
2022-09,2925306,0.51,5735894
2022-09,2116811,0.66,3207289
2022-09,1802349,0.71,2538519
2022-09,1691887,0.66,2563465
2022-09,3063503,0.53,5780194
2022-09,3444556,0.6,5740926
2022-09,3644407,0.63,5784773
2022-09,3481756,0.6,5802926
2022-09,2356865,0.73,3228582
2022-09,1737251,0.68,2554780
2022-09,3382150,0.59,5732457
2022-09,3618354,0.63,5743419
2022-09,3741978,0.65,5756889
2022-09,3747731,0.65,5765740
2022-09,3502358,0.61,5741570
2022-09,2350888,0.73,3220394
2022-09,1844317,0.72,2561551
2022-09,3369999,0.58,5810343
2022-09,3767024,0.65,5795421
2022-09,3878782,0.67,5789226
2022-09,3732919,0.65,5742952
2022-09,3626482,0.63,5756320
2022-09,2377091,0.74,3212285
2022-09,1759832,0.69,2550481
2022-09,2812853,0.49,5740516
2022-09,3204114,0.56,5721632
2022-09,3712354,0.64,5800553
2022-09,3707751,0.64,5793360
2022-09,3503239,0.61,5743014
2022-10,2032983,0.61,3332759
2022-10,1621851,0.66,2457350
2022-10,3370048,0.59,5711945
2022-10,3397689,0.59,5758794
2022-10,3077346,0.54,5698788
2022-10,3848909,0.67,5744640
2022-10,3591080,0.62,5792064
2022-10,2397249,0.72,3329512
2022-10,1917721,0.78,2458616
2022-10,2556722,0.44,5810731
2022-10,3649405,0.63,5792706
2022-10,3776129,0.66,5721407
2022-10,3682799,0.64,5754373
2022-10,3578772,0.62,5772212
2022-10,2363501,0.71,3328874
2022-10,1773903,0.72,2463754
2022-10,3314497,0.58,5714650
2022-10,3693627,0.64,5771292
2022-10,3814404,0.66,5779400
2022-10,3810901,0.66,5774092
2022-10,3570334,0.62,5758603
2022-10,2430406,0.73,3329323
2022-10,1740520,0.71,2451436
2022-10,3357840,0.58,5789379
2022-10,3712582,0.65,5711664
2022-10,3794534,0.66,5749293
2022-10,3892985,0.68,5724977
2022-10,3624748,0.63,5753568
2022-10,2440601,0.73,3343289
2022-10,1875953,0.76,2468359
2022-10,3410892,0.59,5781172
2022-11,3706707,0.66,5616222
2022-11,3788123,0.67,5653914
2022-11,3802455,0.67,5675305
2022-11,3586358,0.64,5603684
2022-11,2449943,0.78,3140952
2022-11,2116063,0.84,2519122
2022-11,3456868,0.61,5666996
2022-11,3431700,0.61,5625737
2022-11,3772030,0.67,5629895
2022-11,3802230,0.67,5674970
2022-11,2994708,1.19,2516561
2022-11,2431419,0.77,3157687
2022-11,1794024,0.71,2526794
2022-11,3401075,0.6,5668458
2022-11,3713627,0.66,5626707
2022-11,3751773,0.67,5599661
2022-11,3797815,0.67,5668380
2022-11,3539202,0.63,5617780
2022-11,2323449,0.74,3139795
2022-11,1721187,0.68,2531157
2022-11,3363626,0.6,5606043
2022-11,3548882,0.63,5633146
2022-11,3263998,0.58,5627582
2022-11,1382266,0.55,2513210
2022-11,2058658,0.82,2510558
